John Smith,john.smith@email.com,+1234567001,Website
Emily Brown,emily.b@email.com,+1234567002,Social Media
Michael Wilson,m.wilson@email.com,+1234567003,Referral
Sarah Johnson,sarah.j@email.com,+1234567004,Direct
David Lee,david.lee@email.com,+1234567005,Website
Lisa Chen,lisa.chen@email.com,+1234567006,Social Media
Robert Taylor,r.taylor@email.com,+1234567007,Website
Maria Garcia,m.garcia@email.com,+1234567008,Referral
James Anderson,j.anderson@email.com,+1234567009,Direct
Anna Kim,anna.kim@email.com,+1234567010,Social Media
William Brown,w.brown@email.com,+1234567011,Website
Jennifer Lee,j.lee@email.com,+1234567012,Direct
Thomas Wilson,t.wilson@email.com,+1234567013,Referral
Michelle Wang,m.wang@email.com,+1234567014,Website
Daniel Martinez,d.martinez@email.com,+1234567015,Social Media
Rachel Smith,rachel.s@email.com,+1234567016,Direct
Kevin Johnson,k.johnson@email.com,+1234567017,Website
Amanda White,a.white@email.com,+1234567018,Referral
Christopher Lee,c.lee@email.com,+1234567019,Social Media
Jessica Brown,j.brown@email.com,+1234567020,Direct
Brian Wilson,b.wilson@email.com,+1234567021,Website
Laura Garcia,l.garcia@email.com,+1234567022,Referral
Steven Taylor,s.taylor@email.com,+1234567023,Social Media
Rebecca Kim,r.kim@email.com,+1234567024,Direct
Andrew Chen,a.chen@email.com,+1234567025,Website
Nicole Johnson,n.johnson@email.com,+1234567026,Social Media
Matthew Smith,m.smith@email.com,+1234567027,Referral
Catherine Lee,c.lee@email.com,+1234567028,Direct
Ryan Brown,r.brown@email.com,+1234567029,Website
Sophia Martinez,s.martinez@email.com,+1234567030,Social Media
Joseph Wilson,j.wilson@email.com,+1234567031,Referral
Emma Taylor,e.taylor@email.com,+1234567032,Direct
David Garcia,d.garcia@email.com,+1234567033,Website
Ashley Kim,a.kim@email.com,+1234567034,Social Media
Brandon Lee,b.lee@email.com,+1234567035,Referral
Samantha Chen,s.chen@email.com,+1234567036,Direct
Justin Brown,j.brown@email.com,+1234567037,Website
Lauren Wilson,l.wilson@email.com,+1234567038,Social Media
Eric Johnson,e.johnson@email.com,+1234567039,Referral
Michelle Smith,m.smith@email.com,+1234567040,Direct
Alexander Lee,a.lee@email.com,+1234567041,Website
Victoria Garcia,v.garcia@email.com,+1234567042,Social Media
Nathan Taylor,n.taylor@email.com,+1234567043,Referral
Rachel Kim,r.kim@email.com,+1234567044,Direct
Timothy Brown,t.brown@email.com,+1234567045,Website
Christina Chen,c.chen@email.com,+1234567046,Social Media
Peter Wilson,p.wilson@email.com,+1234567047,Referral
Olivia Martinez,o.martinez@email.com,+1234567048,Direct
Kyle Johnson,k.johnson@email.com,+1234567049,Website
Diana Lee,d.lee@email.com,+1234567050,Social Media